Crime_Location,Time_of_Day,Day_of_Week,Crime_Type,Weather_Condition,Suspect_Gender,Weapon_Used,Crime_Severity
Pune,Morning,Tuesday,Murder,Cloudy,Male,No,High
Kolkata,Evening,Tuesday,Assault,Rainy,Female,No,Medium
Ahmedabad,Night,Sunday,Robbery,Sunny,Female,No,High
Chennai,Night,Tuesday,Robbery,Sunny,Female,Yes,High
Pune,Evening,Tuesday,Murder,Rainy,Male,No,High
Lucknow,Night,Sunday,Murder,Cloudy,Male,No,High
Bangalore,Night,Thursday,Robbery,Foggy,Male,No,High
Pune,Night,Monday,Murder,Foggy,Female,Yes,High
Ahmedabad,Night,Wednesday,Assault,Sunny,Male,Yes,Medium
Chennai,Night,Friday,Assault,Foggy,Female,Yes,Medium
Kolkata,Morning,Wednesday,Robbery,Sunny,Male,No,High
Ahmedabad,Night,Wednesday,Theft,Foggy,Female,Yes,Low
Ahmedabad,Morning,Saturday,Assault,Rainy,Male,No,Medium
Bangalore,Night,Monday,Murder,Sunny,Male,Yes,High
Hyderabad,Evening,Saturday,Theft,Sunny,Male,Yes,Low
Chennai,Afternoon,Monday,Theft,Rainy,Female,No,Low
Delhi,Morning,Sunday,Assault,Sunny,Female,Yes,Medium
Ahmedabad,Night,Sunday,Assault,Foggy,Male,No,Medium
Hyderabad,Evening,Monday,Theft,Foggy,Male,No,Low
Delhi,Afternoon,Tuesday,Theft,Sunny,Male,Yes,Low
Chennai,Morning,Thursday,Robbery,Foggy,Female,No,High
Mumbai,Afternoon,Tuesday,Murder,Cloudy,Male,No,High
Lucknow,Evening,Thursday,Robbery,Sunny,Male,Yes,High
Hyderabad,Morning,Saturday,Assault,Rainy,Male,Yes,Medium
Jaipur,Afternoon,Thursday,Robbery,Cloudy,Male,No,High
Mumbai,Night,Saturday,Robbery,Sunny,Female,Yes,High
Lucknow,Morning,Sunday,Robbery,Rainy,Female,No,High
Bangalore,Afternoon,Wednesday,Robbery,Foggy,Male,No,High
Pune,Evening,Sunday,Murder,Rainy,Male,Yes,High
Kolkata,Evening,Sunday,Murder,Cloudy,Female,Yes,High
Jaipur,Morning,Wednesday,Theft,Foggy,Female,Yes,Low
Bangalore,Afternoon,Thursday,Assault,Sunny,Male,Yes,Medium
Chennai,Morning,Thursday,Robbery,Foggy,Female,No,High
Bangalore,Morning,Saturday,Theft,Sunny,Female,No,Low
Pune,Afternoon,Tuesday,Theft,Sunny,Male,Yes,Low
Chennai,Afternoon,Saturday,Theft,Rainy,Female,Yes,Low
Jaipur,Night,Tuesday,Murder,Rainy,Female,No,High
Pune,Afternoon,Sunday,Robbery,Rainy,Male,No,High
Delhi,Evening,Wednesday,Robbery,Cloudy,Male,No,High
Kolkata,Morning,Sunday,Assault,Cloudy,Female,No,Medium
Jaipur,Morning,Monday,Robbery,Rainy,Male,Yes,High
Delhi,Evening,Thursday,Robbery,Cloudy,Female,No,High
Lucknow,Afternoon,Tuesday,Theft,Foggy,Male,No,Low
Jaipur,Evening,Saturday,Assault,Foggy,Female,Yes,Medium
Lucknow,Evening,Wednesday,Robbery,Cloudy,Male,No,High
Chennai,Night,Tuesday,Murder,Cloudy,Female,No,High
Delhi,Evening,Saturday,Robbery,Foggy,Female,Yes,High
Kolkata,Morning,Thursday,Theft,Sunny,Female,Yes,Low
Pune,Evening,Sunday,Murder,Foggy,Male,Yes,High
Ahmedabad,Morning,Thursday,Theft,Foggy,Male,No,Low
Bangalore,Morning,Friday,Robbery,Cloudy,Female,No,High
Mumbai,Morning,Monday,Murder,Foggy,Female,Yes,High
Kolkata,Afternoon,Friday,Assault,Cloudy,Male,Yes,Medium
Delhi,Night,Wednesday,Assault,Cloudy,Male,No,Medium
Ahmedabad,Morning,Tuesday,Murder,Rainy,Male,Yes,High
Kolkata,Morning,Wednesday,Murder,Foggy,Male,Yes,High
Delhi,Afternoon,Sunday,Theft,Sunny,Male,Yes,Low
Hyderabad,Morning,Saturday,Murder,Rainy,Male,No,High
Hyderabad,Evening,Thursday,Theft,Cloudy,Female,No,Low
Lucknow,Evening,Friday,Robbery,Cloudy,Male,No,High
Kolkata,Night,Friday,Theft,Sunny,Female,No,Low
Hyderabad,Morning,Sunday,Murder,Cloudy,Male,No,High
Delhi,Afternoon,Friday,Murder,Foggy,Male,No,High
Lucknow,Evening,Sunday,Robbery,Rainy,Female,Yes,High
Delhi,Afternoon,Wednesday,Murder,Cloudy,Female,No,High
Lucknow,Afternoon,Thursday,Murder,Cloudy,Male,No,High
Kolkata,Evening,Tuesday,Assault,Sunny,Female,Yes,Medium
Ahmedabad,Afternoon,Saturday,Assault,Foggy,Female,No,Medium
Pune,Evening,Tuesday,Robbery,Cloudy,Female,No,High
Jaipur,Afternoon,Wednesday,Theft,Sunny,Female,Yes,Low
Ahmedabad,Evening,Saturday,Assault,Cloudy,Male,Yes,Medium
Chennai,Morning,Friday,Theft,Sunny,Female,Yes,Low
Delhi,Night,Monday,Murder,Sunny,Male,No,High
Chennai,Evening,Wednesday,Assault,Foggy,Male,Yes,Medium
Ahmedabad,Evening,Wednesday,Robbery,Cloudy,Male,No,High
Lucknow,Night,Thursday,Robbery,Foggy,Male,No,High
Jaipur,Evening,Tuesday,Robbery,Sunny,Female,No,High
Jaipur,Evening,Wednesday,Assault,Rainy,Female,No,Medium
Mumbai,Afternoon,Wednesday,Theft,Cloudy,Male,Yes,Low
Jaipur,Night,Friday,Murder,Rainy,Male,Yes,High
Pune,Morning,Friday,Theft,Cloudy,Male,No,Low
Jaipur,Evening,Saturday,Theft,Foggy,Male,Yes,Low
Ahmedabad,Night,Sunday,Murder,Foggy,Female,No,High
Mumbai,Afternoon,Sunday,Murder,Foggy,Male,No,High
Ahmedabad,Morning,Monday,Assault,Foggy,Female,No,Medium
Ahmedabad,Night,Sunday,Assault,Foggy,Male,Yes,Medium
Bangalore,Morning,Thursday,Assault,Rainy,Male,No,Medium
Mumbai,Morning,Monday,Assault,Foggy,Male,No,Medium
Ahmedabad,Morning,Saturday,Assault,Sunny,Male,Yes,Medium
Bangalore,Evening,Friday,Murder,Sunny,Female,Yes,High
Bangalore,Evening,Sunday,Theft,Rainy,Female,Yes,Low
Mumbai,Afternoon,Tuesday,Assault,Cloudy,Female,Yes,Medium
Chennai,Afternoon,Friday,Assault,Sunny,Male,No,Medium
Lucknow,Night,Thursday,Theft,Cloudy,Male,Yes,Low
Pune,Afternoon,Friday,Assault,Rainy,Female,No,Medium
Lucknow,Morning,Thursday,Theft,Cloudy,Female,Yes,Low
Jaipur,Morning,Thursday,Theft,Cloudy,Male,Yes,Low
Pune,Evening,Thursday,Murder,Cloudy,Male,Yes,High
Jaipur,Morning,Saturday,Robbery,Cloudy,Female,Yes,High
Ahmedabad,Night,Thursday,Murder,Rainy,Male,Yes,High
Delhi,Morning,Thursday,Robbery,Sunny,Male,Yes,High
Mumbai,Morning,Tuesday,Robbery,Foggy,Female,No,High
Pune,Night,Monday,Robbery,Cloudy,Male,Yes,High
Pune,Afternoon,Wednesday,Assault,Sunny,Female,Yes,Medium
Ahmedabad,Afternoon,Monday,Murder,Sunny,Male,Yes,High
Chennai,Night,Thursday,Robbery,Rainy,Female,Yes,High
Bangalore,Evening,Tuesday,Theft,Sunny,Male,No,Low
Ahmedabad,Morning,Friday,Assault,Rainy,Female,Yes,Medium
Hyderabad,Night,Tuesday,Murder,Cloudy,Female,Yes,High
Bangalore,Morning,Thursday,Robbery,Cloudy,Female,Yes,High
Mumbai,Evening,Tuesday,Theft,Foggy,Female,Yes,Low
Bangalore,Morning,Sunday,Murder,Foggy,Male,No,High
Chennai,Night,Tuesday,Murder,Foggy,Male,Yes,High
Bangalore,Morning,Thursday,Assault,Sunny,Female,No,Medium
Mumbai,Afternoon,Saturday,Murder,Cloudy,Male,Yes,High
Chennai,Evening,Sunday,Assault,Rainy,Male,No,Medium
Lucknow,Evening,Tuesday,Robbery,Foggy,Male,No,High
Pune,Evening,Wednesday,Assault,Rainy,Male,Yes,Medium
Pune,Night,Wednesday,Theft,Rainy,Male,Yes,Low
Jaipur,Evening,Tuesday,Assault,Foggy,Female,No,Medium
Lucknow,Afternoon,Saturday,Theft,Cloudy,Female,No,Low
Lucknow,Night,Friday,Assault,Foggy,Female,Yes,Medium
Bangalore,Afternoon,Thursday,Murder,Rainy,Female,No,High
Pune,Morning,Wednesday,Robbery,Foggy,Male,No,High
Mumbai,Morning,Friday,Theft,Rainy,Male,No,Low
Kolkata,Morning,Tuesday,Assault,Rainy,Female,Yes,Medium
Kolkata,Morning,Friday,Assault,Foggy,Male,No,Medium
Chennai,Afternoon,Sunday,Assault,Sunny,Male,No,Medium
Pune,Night,Monday,Murder,Foggy,Female,No,High
Pune,Night,Wednesday,Murder,Sunny,Male,Yes,High
Kolkata,Evening,Tuesday,Theft,Rainy,Female,Yes,Low
Pune,Afternoon,Thursday,Theft,Rainy,Female,No,Low
Bangalore,Morning,Saturday,Murder,Sunny,Male,Yes,High
Hyderabad,Afternoon,Sunday,Theft,Rainy,Male,No,Low
Delhi,Evening,Tuesday,Robbery,Sunny,Female,Yes,High
Lucknow,Evening,Thursday,Robbery,Sunny,Female,Yes,High
Jaipur,Afternoon,Saturday,Murder,Rainy,Male,No,High
Chennai,Afternoon,Saturday,Theft,Cloudy,Female,Yes,Low
Hyderabad,Afternoon,Tuesday,Assault,Sunny,Female,Yes,Medium
Kolkata,Night,Sunday,Robbery,Foggy,Female,Yes,High
Lucknow,Morning,Friday,Murder,Foggy,Male,No,High
Pune,Afternoon,Friday,Theft,Rainy,Female,Yes,Low
Jaipur,Afternoon,Saturday,Murder,Cloudy,Male,Yes,High
Pune,Afternoon,Friday,Assault,Rainy,Female,No,Medium
Mumbai,Evening,Monday,Robbery,Cloudy,Male,Yes,High
Mumbai,Evening,Saturday,Murder,Sunny,Female,Yes,High
Jaipur,Night,Saturday,Murder,Sunny,Male,Yes,High
Jaipur,Morning,Thursday,Murder,Sunny,Male,Yes,High
Kolkata,Night,Friday,Assault,Sunny,Male,Yes,Medium
Jaipur,Morning,Sunday,Murder,Foggy,Female,No,High
Bangalore,Evening,Saturday,Assault,Foggy,Female,No,Medium
Pune,Evening,Sunday,Assault,Rainy,Female,Yes,Medium
Hyderabad,Evening,Monday,Assault,Cloudy,Male,Yes,Medium
Ahmedabad,Night,Thursday,Robbery,Sunny,Female,Yes,High
Jaipur,Afternoon,Tuesday,Robbery,Sunny,Male,No,High
Chennai,Afternoon,Sunday,Murder,Cloudy,Female,No,High
Mumbai,Evening,Saturday,Murder,Cloudy,Male,Yes,High
Bangalore,Afternoon,Monday,Robbery,Rainy,Male,Yes,High
Lucknow,Afternoon,Wednesday,Theft,Cloudy,Male,No,Low
Ahmedabad,Night,Monday,Robbery,Sunny,Female,Yes,High
Hyderabad,Morning,Monday,Assault,Sunny,Female,No,Medium
Ahmedabad,Evening,Thursday,Robbery,Sunny,Female,No,High
Jaipur,Evening,Tuesday,Assault,Sunny,Male,Yes,Medium
Kolkata,Night,Wednesday,Murder,Sunny,Male,No,High
Mumbai,Night,Friday,Theft,Rainy,Female,Yes,Low
Mumbai,Afternoon,Friday,Murder,Sunny,Female,Yes,High
Lucknow,Evening,Sunday,Assault,Rainy,Female,Yes,Medium
Kolkata,Morning,Monday,Assault,Sunny,Male,Yes,Medium
Pune,Night,Thursday,Assault,Foggy,Male,Yes,Medium
Delhi,Morning,Thursday,Theft,Foggy,Male,Yes,Low
Bangalore,Morning,Friday,Robbery,Foggy,Male,No,High
Mumbai,Evening,Sunday,Murder,Foggy,Male,No,High
Chennai,Evening,Sunday,Murder,Rainy,Female,No,High
Mumbai,Night,Sunday,Robbery,Rainy,Male,No,High
Ahmedabad,Evening,Wednesday,Murder,Cloudy,Male,Yes,High
Mumbai,Evening,Tuesday,Theft,Sunny,Male,No,Low
Mumbai,Evening,Wednesday,Murder,Foggy,Male,No,High
Delhi,Morning,Saturday,Assault,Rainy,Male,No,Medium
Delhi,Night,Saturday,Robbery,Sunny,Female,Yes,High
Hyderabad,Afternoon,Tuesday,Theft,Sunny,Male,No,Low
Pune,Morning,Friday,Robbery,Rainy,Male,Yes,High
Chennai,Evening,Tuesday,Theft,Foggy,Male,No,Low
Mumbai,Morning,Thursday,Assault,Cloudy,Female,Yes,Medium
Mumbai,Evening,Saturday,Robbery,Sunny,Female,Yes,High
Bangalore,Evening,Monday,Murder,Cloudy,Female,No,High
Delhi,Morning,Monday,Theft,Foggy,Male,Yes,Low
Chennai,Night,Friday,Robbery,Foggy,Female,Yes,High
Lucknow,Evening,Thursday,Murder,Cloudy,Male,No,High
Hyderabad,Night,Wednesday,Robbery,Foggy,Male,No,High
Pune,Afternoon,Thursday,Robbery,Sunny,Female,No,High
Kolkata,Evening,Monday,Robbery,Cloudy,Male,Yes,High
Pune,Night,Monday,Theft,Foggy,Male,Yes,Low
Ahmedabad,Night,Saturday,Murder,Cloudy,Male,Yes,High
Mumbai,Afternoon,Thursday,Assault,Sunny,Female,No,Medium
Hyderabad,Night,Thursday,Theft,Foggy,Male,Yes,Low
Ahmedabad,Night,Monday,Theft,Sunny,Male,Yes,Low
Chennai,Afternoon,Wednesday,Theft,Foggy,Female,Yes,Low
Kolkata,Evening,Friday,Assault,Rainy,Male,Yes,Medium
Delhi,Night,Sunday,Murder,Foggy,Male,Yes,High
Hyderabad,Night,Friday,Murder,Cloudy,Female,Yes,High
Hyderabad,Night,Thursday,Murder,Foggy,Male,Yes,High
Mumbai,Morning,Friday,Robbery,Sunny,Male,No,High
Jaipur,Afternoon,Monday,Robbery,Sunny,Male,No,High
Hyderabad,Morning,Monday,Robbery,Foggy,Male,No,High
Bangalore,Afternoon,Thursday,Assault,Cloudy,Male,Yes,Medium
Kolkata,Evening,Thursday,Robbery,Rainy,Female,Yes,High
Kolkata,Evening,Sunday,Assault,Cloudy,Female,No,Medium
Bangalore,Night,Sunday,Murder,Rainy,Female,Yes,High
Lucknow,Afternoon,Saturday,Robbery,Sunny,Female,No,High
Bangalore,Evening,Thursday,Robbery,Cloudy,Male,Yes,High
Bangalore,Afternoon,Wednesday,Theft,Rainy,Male,Yes,Low
Kolkata,Evening,Friday,Assault,Foggy,Male,No,Medium
Pune,Morning,Thursday,Murder,Sunny,Male,No,High
Kolkata,Evening,Tuesday,Theft,Foggy,Male,No,Low
Jaipur,Morning,Saturday,Theft,Sunny,Female,No,Low
Mumbai,Evening,Tuesday,Murder,Cloudy,Female,No,High
Ahmedabad,Night,Monday,Theft,Cloudy,Male,Yes,Low
Pune,Morning,Sunday,Assault,Sunny,Male,Yes,Medium
Delhi,Evening,Friday,Assault,Sunny,Male,Yes,Medium
Ahmedabad,Night,Thursday,Robbery,Sunny,Female,No,High
Mumbai,Morning,Tuesday,Theft,Cloudy,Male,No,Low
Jaipur,Night,Friday,Robbery,Rainy,Male,No,High
Jaipur,Afternoon,Monday,Theft,Foggy,Male,No,Low
Delhi,Afternoon,Sunday,Assault,Foggy,Female,No,Medium
Pune,Morning,Wednesday,Assault,Cloudy,Male,No,Medium
Lucknow,Evening,Saturday,Assault,Foggy,Female,Yes,Medium
Bangalore,Morning,Friday,Theft,Sunny,Female,Yes,Low
Pune,Night,Friday,Assault,Rainy,Female,Yes,Medium
Lucknow,Evening,Wednesday,Theft,Foggy,Female,Yes,Low
Jaipur,Afternoon,Friday,Robbery,Rainy,Female,Yes,High
Kolkata,Evening,Monday,Theft,Sunny,Female,No,Low
Mumbai,Afternoon,Monday,Robbery,Foggy,Male,No,High
Delhi,Evening,Wednesday,Theft,Cloudy,Male,No,Low
Mumbai,Evening,Saturday,Robbery,Rainy,Male,No,High
Chennai,Evening,Thursday,Assault,Sunny,Female,No,Medium
Chennai,Night,Tuesday,Robbery,Rainy,Male,No,High
Pune,Night,Thursday,Assault,Foggy,Female,Yes,Medium
Jaipur,Morning,Friday,Assault,Foggy,Female,No,Medium
Jaipur,Morning,Tuesday,Robbery,Cloudy,Female,No,High
Bangalore,Afternoon,Wednesday,Theft,Sunny,Male,No,Low
Bangalore,Night,Wednesday,Theft,Sunny,Female,No,Low
Bangalore,Afternoon,Saturday,Murder,Cloudy,Female,Yes,High
Kolkata,Morning,Tuesday,Theft,Cloudy,Male,Yes,Low
Ahmedabad,Afternoon,Monday,Murder,Sunny,Male,No,High
Hyderabad,Morning,Tuesday,Theft,Rainy,Female,Yes,Low
Ahmedabad,Night,Friday,Theft,Rainy,Female,Yes,Low
Mumbai,Evening,Monday,Assault,Cloudy,Male,No,Medium
Ahmedabad,Night,Sunday,Murder,Rainy,Male,No,High
Kolkata,Afternoon,Sunday,Theft,Sunny,Male,No,Low
Mumbai,Afternoon,Sunday,Murder,Foggy,Female,No,High
Ahmedabad,Night,Wednesday,Assault,Foggy,Male,No,Medium
Kolkata,Night,Tuesday,Assault,Rainy,Male,Yes,Medium
Hyderabad,Morning,Sunday,Murder,Cloudy,Male,No,High
Ahmedabad,Afternoon,Thursday,Assault,Cloudy,Female,No,Medium
Kolkata,Afternoon,Saturday,Robbery,Cloudy,Male,No,High
Bangalore,Night,Thursday,Robbery,Cloudy,Male,Yes,High
Jaipur,Evening,Sunday,Assault,Cloudy,Male,No,Medium
Bangalore,Afternoon,Saturday,Robbery,Rainy,Male,No,High
Jaipur,Evening,Friday,Theft,Foggy,Male,No,Low
Delhi,Night,Thursday,Murder,Foggy,Female,Yes,High
Delhi,Night,Tuesday,Theft,Rainy,Female,No,Low
Delhi,Morning,Tuesday,Murder,Cloudy,Female,No,High
Hyderabad,Afternoon,Thursday,Assault,Rainy,Male,No,Medium
Bangalore,Evening,Sunday,Theft,Foggy,Female,Yes,Low
Jaipur,Morning,Tuesday,Assault,Sunny,Female,No,Medium
Kolkata,Afternoon,Friday,Assault,Rainy,Female,No,Medium
Mumbai,Morning,Monday,Murder,Cloudy,Male,No,High
Kolkata,Night,Sunday,Murder,Foggy,Male,Yes,High
Mumbai,Afternoon,Friday,Murder,Foggy,Female,No,High
Chennai,Morning,Saturday,Theft,Foggy,Female,No,Low
Kolkata,Morning,Friday,Robbery,Foggy,Male,No,High
Ahmedabad,Evening,Sunday,Murder,Cloudy,Male,Yes,High
Ahmedabad,Morning,Saturday,Murder,Sunny,Female,Yes,High
Pune,Afternoon,Sunday,Theft,Foggy,Male,No,Low
Bangalore,Afternoon,Tuesday,Murder,Rainy,Female,Yes,High
Mumbai,Evening,Monday,Theft,Sunny,Male,Yes,Low
Mumbai,Afternoon,Sunday,Assault,Foggy,Female,Yes,Medium
Bangalore,Night,Sunday,Murder,Sunny,Female,No,High
Hyderabad,Afternoon,Tuesday,Murder,Rainy,Male,No,High
Pune,Afternoon,Wednesday,Assault,Foggy,Female,Yes,Medium
Hyderabad,Morning,Tuesday,Assault,Rainy,Female,Yes,Medium
Hyderabad,Morning,Saturday,Assault,Cloudy,Female,Yes,Medium
Hyderabad,Afternoon,Tuesday,Murder,Foggy,Male,No,High
Bangalore,Evening,Tuesday,Robbery,Foggy,Male,No,High
Hyderabad,Morning,Monday,Robbery,Foggy,Male,Yes,High
Ahmedabad,Evening,Tuesday,Robbery,Foggy,Female,Yes,High
Delhi,Afternoon,Sunday,Murder,Cloudy,Male,Yes,High
Chennai,Afternoon,Monday,Assault,Foggy,Female,Yes,Medium
Mumbai,Night,Thursday,Murder,Sunny,Female,No,High
Mumbai,Morning,Wednesday,Assault,Foggy,Male,Yes,Medium
Chennai,Afternoon,Monday,Murder,Cloudy,Male,No,High
Bangalore,Night,Saturday,Murder,Foggy,Female,Yes,High
Kolkata,Morning,Thursday,Assault,Sunny,Female,Yes,Medium
Bangalore,Afternoon,Monday,Robbery,Cloudy,Male,Yes,High
Mumbai,Afternoon,Monday,Assault,Cloudy,Male,Yes,Medium
Mumbai,Morning,Wednesday,Theft,Sunny,Male,Yes,Low
Chennai,Morning,Sunday,Theft,Sunny,Female,No,Low
Hyderabad,Morning,Saturday,Assault,Sunny,Female,Yes,Medium
Bangalore,Afternoon,Friday,Murder,Sunny,Female,Yes,High
Jaipur,Afternoon,Friday,Theft,Sunny,Female,Yes,Low
Chennai,Night,Monday,Theft,Cloudy,Female,No,Low
Ahmedabad,Evening,Tuesday,Murder,Cloudy,Male,No,High
Mumbai,Morning,Saturday,Murder,Foggy,Male,No,High
Chennai,Afternoon,Thursday,Robbery,Foggy,Female,No,High
Bangalore,Afternoon,Tuesday,Murder,Rainy,Female,Yes,High
Mumbai,Morning,Tuesday,Assault,Foggy,Male,Yes,Medium
Kolkata,Evening,Saturday,Assault,Foggy,Male,Yes,Medium
Chennai,Morning,Sunday,Robbery,Sunny,Male,No,High
Pune,Evening,Monday,Theft,Sunny,Male,Yes,Low
Mumbai,Afternoon,Monday,Theft,Foggy,Female,Yes,Low
Bangalore,Evening,Monday,Murder,Rainy,Male,No,High
Delhi,Night,Monday,Assault,Sunny,Female,No,Medium
Jaipur,Afternoon,Friday,Theft,Foggy,Male,No,Low
Lucknow,Night,Monday,Robbery,Foggy,Male,Yes,High
Hyderabad,Morning,Friday,Robbery,Cloudy,Male,Yes,High
Lucknow,Morning,Friday,Assault,Rainy,Female,No,Medium
Bangalore,Morning,Sunday,Robbery,Cloudy,Female,Yes,High
Ahmedabad,Evening,Monday,Robbery,Rainy,Male,No,High
Ahmedabad,Afternoon,Wednesday,Assault,Sunny,Female,No,Medium
Delhi,Morning,Thursday,Murder,Rainy,Female,Yes,High
Hyderabad,Morning,Tuesday,Murder,Foggy,Male,No,High
Pune,Afternoon,Friday,Robbery,Foggy,Male,No,High
Delhi,Morning,Saturday,Murder,Rainy,Female,No,High
Lucknow,Night,Saturday,Murder,Rainy,Female,Yes,High
Delhi,Afternoon,Thursday,Robbery,Rainy,Female,No,High
Lucknow,Afternoon,Saturday,Murder,Cloudy,Male,No,High
Mumbai,Afternoon,Wednesday,Robbery,Rainy,Male,No,High
Ahmedabad,Night,Saturday,Theft,Sunny,Female,No,Low
Mumbai,Afternoon,Tuesday,Assault,Cloudy,Male,No,Medium
Jaipur,Night,Tuesday,Assault,Cloudy,Male,No,Medium
Hyderabad,Afternoon,Friday,Murder,Rainy,Female,No,High
Pune,Evening,Monday,Murder,Sunny,Female,Yes,High
Lucknow,Morning,Sunday,Murder,Cloudy,Male,Yes,High
Pune,Evening,Wednesday,Assault,Foggy,Male,No,Medium
Lucknow,Morning,Friday,Theft,Cloudy,Female,Yes,Low
Bangalore,Night,Wednesday,Theft,Rainy,Male,Yes,Low
Delhi,Evening,Monday,Assault,Sunny,Male,No,Medium
Jaipur,Afternoon,Saturday,Theft,Rainy,Female,Yes,Low
Ahmedabad,Morning,Saturday,Assault,Foggy,Female,No,Medium
Lucknow,Morning,Sunday,Theft,Foggy,Male,No,Low
Pune,Evening,Monday,Robbery,Foggy,Male,No,High
Jaipur,Night,Friday,Robbery,Rainy,Male,No,High
Kolkata,Evening,Sunday,Assault,Cloudy,Female,No,Medium
Kolkata,Night,Monday,Theft,Rainy,Male,Yes,Low
Mumbai,Night,Thursday,Murder,Sunny,Male,No,High
Ahmedabad,Morning,Tuesday,Theft,Cloudy,Female,Yes,Low
Bangalore,Evening,Sunday,Robbery,Foggy,Female,No,High
Pune,Evening,Sunday,Robbery,Rainy,Male,No,High
Delhi,Night,Friday,Theft,Foggy,Female,No,Low
Delhi,Evening,Wednesday,Theft,Foggy,Female,Yes,Low
Pune,Afternoon,Thursday,Murder,Sunny,Male,No,High
Hyderabad,Afternoon,Friday,Murder,Cloudy,Female,No,High
Bangalore,Evening,Monday,Theft,Sunny,Female,No,Low
Jaipur,Evening,Monday,Theft,Sunny,Male,No,Low
Lucknow,Night,Monday,Theft,Sunny,Female,Yes,Low
Hyderabad,Afternoon,Monday,Theft,Foggy,Male,No,Low
Lucknow,Afternoon,Wednesday,Assault,Sunny,Male,Yes,Medium
Lucknow,Morning,Thursday,Theft,Sunny,Female,No,Low
Hyderabad,Night,Saturday,Murder,Cloudy,Female,Yes,High
Mumbai,Morning,Tuesday,Robbery,Cloudy,Female,Yes,High
Kolkata,Afternoon,Wednesday,Assault,Sunny,Male,No,Medium
Lucknow,Night,Wednesday,Theft,Cloudy,Female,No,Low
Hyderabad,Evening,Saturday,Robbery,Cloudy,Male,Yes,High
Hyderabad,Night,Saturday,Assault,Sunny,Female,No,Medium
Chennai,Evening,Tuesday,Robbery,Foggy,Female,No,High
Mumbai,Evening,Tuesday,Theft,Sunny,Female,No,Low
Ahmedabad,Night,Saturday,Theft,Cloudy,Male,Yes,Low
Chennai,Evening,Monday,Murder,Foggy,Female,No,High
Chennai,Morning,Wednesday,Theft,Rainy,Female,No,Low
Pune,Afternoon,Friday,Theft,Foggy,Male,No,Low
Kolkata,Evening,Tuesday,Assault,Cloudy,Male,Yes,Medium
Hyderabad,Morning,Tuesday,Murder,Foggy,Female,No,High
Kolkata,Evening,Saturday,Assault,Sunny,Female,Yes,Medium
Bangalore,Afternoon,Thursday,Robbery,Rainy,Female,No,High
Pune,Morning,Friday,Theft,Rainy,Male,Yes,Low
Ahmedabad,Afternoon,Friday,Robbery,Rainy,Male,No,High
Kolkata,Afternoon,Tuesday,Assault,Cloudy,Male,No,Medium
Delhi,Morning,Monday,Theft,Cloudy,Male,Yes,Low
Lucknow,Morning,Thursday,Theft,Rainy,Female,Yes,Low
Bangalore,Morning,Friday,Assault,Foggy,Male,Yes,Medium
Mumbai,Night,Tuesday,Assault,Rainy,Male,No,Medium
Ahmedabad,Morning,Friday,Assault,Foggy,Male,No,Medium
Bangalore,Morning,Sunday,Assault,Foggy,Female,No,Medium
Lucknow,Morning,Thursday,Assault,Cloudy,Female,No,Medium
Pune,Morning,Thursday,Theft,Foggy,Male,Yes,Low
Lucknow,Evening,Sunday,Assault,Rainy,Male,No,Medium
Chennai,Night,Wednesday,Theft,Cloudy,Female,No,Low
Lucknow,Afternoon,Sunday,Theft,Sunny,Female,No,Low
Chennai,Morning,Saturday,Assault,Sunny,Female,No,Medium
Pune,Evening,Saturday,Assault,Cloudy,Female,No,Medium
Jaipur,Evening,Tuesday,Murder,Rainy,Female,No,High
Chennai,Evening,Thursday,Theft,Sunny,Female,No,Low
Mumbai,Afternoon,Wednesday,Assault,Sunny,Female,Yes,Medium
Lucknow,Morning,Wednesday,Assault,Foggy,Female,No,Medium
Lucknow,Night,Friday,Assault,Foggy,Male,No,Medium
Mumbai,Night,Friday,Murder,Rainy,Male,No,High
Delhi,Evening,Sunday,Murder,Cloudy,Male,No,High
Hyderabad,Afternoon,Wednesday,Robbery,Rainy,Male,Yes,High
Jaipur,Afternoon,Sunday,Theft,Cloudy,Male,Yes,Low
Ahmedabad,Afternoon,Sunday,Robbery,Sunny,Male,Yes,High
Chennai,Night,Friday,Assault,Foggy,Female,Yes,Medium
Mumbai,Evening,Thursday,Murder,Rainy,Female,Yes,High
Pune,Morning,Sunday,Murder,Rainy,Male,Yes,High
Chennai,Night,Monday,Robbery,Cloudy,Male,No,High
Hyderabad,Evening,Thursday,Murder,Cloudy,Female,Yes,High
Pune,Evening,Wednesday,Assault,Rainy,Female,Yes,Medium
Bangalore,Morning,Wednesday,Murder,Cloudy,Female,No,High
Lucknow,Morning,Sunday,Robbery,Rainy,Male,Yes,High
Bangalore,Morning,Thursday,Assault,Rainy,Female,No,Medium
Chennai,Afternoon,Friday,Robbery,Rainy,Male,No,High
Hyderabad,Morning,Friday,Murder,Sunny,Male,Yes,High
Jaipur,Evening,Saturday,Robbery,Cloudy,Female,No,High
Chennai,Morning,Wednesday,Robbery,Foggy,Female,Yes,High
Mumbai,Evening,Tuesday,Theft,Foggy,Male,Yes,Low
Kolkata,Night,Saturday,Murder,Cloudy,Female,No,High
Chennai,Afternoon,Friday,Murder,Rainy,Female,No,High
Lucknow,Night,Thursday,Robbery,Foggy,Male,Yes,High
Lucknow,Night,Friday,Theft,Foggy,Female,No,Low
Chennai,Evening,Thursday,Murder,Cloudy,Male,No,High
Pune,Night,Saturday,Assault,Foggy,Male,Yes,Medium
Kolkata,Evening,Wednesday,Robbery,Rainy,Female,Yes,High
Mumbai,Morning,Friday,Murder,Cloudy,Male,No,High
Chennai,Morning,Sunday,Assault,Rainy,Male,Yes,Medium
Pune,Evening,Thursday,Murder,Foggy,Female,Yes,High
Lucknow,Morning,Wednesday,Assault,Foggy,Female,Yes,Medium
Lucknow,Afternoon,Tuesday,Robbery,Rainy,Female,Yes,High
Hyderabad,Night,Thursday,Murder,Sunny,Male,Yes,High
Chennai,Afternoon,Saturday,Murder,Foggy,Male,Yes,High
Kolkata,Night,Tuesday,Theft,Sunny,Female,Yes,Low
Delhi,Morning,Tuesday,Robbery,Foggy,Male,No,High
Kolkata,Afternoon,Monday,Assault,Sunny,Female,Yes,Medium
Lucknow,Morning,Friday,Murder,Sunny,Female,No,High
Lucknow,Night,Thursday,Murder,Sunny,Male,No,High
Bangalore,Evening,Tuesday,Assault,Rainy,Female,No,Medium
Lucknow,Evening,Monday,Robbery,Sunny,Male,Yes,High
Mumbai,Afternoon,Saturday,Theft,Sunny,Male,Yes,Low
Ahmedabad,Morning,Wednesday,Theft,Sunny,Female,No,Low
Chennai,Morning,Sunday,Murder,Foggy,Male,Yes,High
Kolkata,Afternoon,Sunday,Assault,Sunny,Female,No,Medium
Ahmedabad,Evening,Thursday,Murder,Foggy,Male,Yes,High
Pune,Night,Tuesday,Assault,Sunny,Male,Yes,Medium
Delhi,Afternoon,Sunday,Theft,Sunny,Male,No,Low
Mumbai,Night,Friday,Robbery,Rainy,Female,No,High
Kolkata,Evening,Sunday,Assault,Foggy,Male,No,Medium
Ahmedabad,Morning,Sunday,Theft,Sunny,Female,Yes,Low
Delhi,Evening,Sunday,Murder,Foggy,Male,No,High
Bangalore,Afternoon,Monday,Assault,Foggy,Male,Yes,Medium
Mumbai,Morning,Tuesday,Robbery,Cloudy,Female,Yes,High
Mumbai,Afternoon,Friday,Murder,Rainy,Female,Yes,High
Bangalore,Afternoon,Tuesday,Murder,Rainy,Female,No,High
Chennai,Evening,Thursday,Theft,Rainy,Female,No,Low
Bangalore,Afternoon,Thursday,Assault,Cloudy,Female,No,Medium
Mumbai,Evening,Thursday,Murder,Cloudy,Male,Yes,High
Mumbai,Morning,Saturday,Robbery,Rainy,Male,Yes,High
Ahmedabad,Evening,Sunday,Assault,Cloudy,Female,No,Medium
Lucknow,Morning,Saturday,Robbery,Cloudy,Male,Yes,High
Delhi,Evening,Monday,Murder,Cloudy,Male,Yes,High
Bangalore,Night,Thursday,Robbery,Rainy,Male,No,High
Delhi,Night,Friday,Theft,Rainy,Female,No,Low
Bangalore,Afternoon,Tuesday,Robbery,Rainy,Male,No,High
Pune,Evening,Sunday,Assault,Cloudy,Male,Yes,Medium
Mumbai,Evening,Wednesday,Robbery,Rainy,Male,Yes,High
Lucknow,Morning,Friday,Robbery,Cloudy,Female,Yes,High
Ahmedabad,Afternoon,Sunday,Theft,Sunny,Male,Yes,Low
Lucknow,Evening,Saturday,Robbery,Cloudy,Male,Yes,High
Lucknow,Afternoon,Saturday,Robbery,Foggy,Female,No,High
Lucknow,Night,Friday,Murder,Rainy,Female,Yes,High
Delhi,Evening,Saturday,Murder,Rainy,Male,Yes,High
Bangalore,Evening,Thursday,Assault,Foggy,Male,Yes,Medium
Jaipur,Afternoon,Monday,Murder,Cloudy,Female,No,High
Pune,Evening,Tuesday,Murder,Sunny,Female,No,High
Kolkata,Afternoon,Monday,Murder,Foggy,Female,No,High
Lucknow,Evening,Sunday,Murder,Foggy,Female,Yes,High
Chennai,Morning,Tuesday,Theft,Cloudy,Female,No,Low
Delhi,Afternoon,Tuesday,Murder,Rainy,Female,No,High
Ahmedabad,Evening,Monday,Theft,Cloudy,Female,No,Low
Kolkata,Night,Friday,Theft,Foggy,Male,Yes,Low
Jaipur,Evening,Tuesday,Murder,Foggy,Female,No,High
Chennai,Night,Monday,Robbery,Rainy,Female,Yes,High
Jaipur,Night,Tuesday,Theft,Rainy,Male,Yes,Low
Kolkata,Morning,Wednesday,Robbery,Rainy,Female,No,High
Lucknow,Afternoon,Friday,Robbery,Cloudy,Female,Yes,High
Chennai,Evening,Thursday,Murder,Rainy,Male,No,High
Jaipur,Morning,Tuesday,Assault,Foggy,Female,Yes,Medium
Ahmedabad,Evening,Wednesday,Murder,Foggy,Male,No,High
Bangalore,Night,Thursday,Assault,Sunny,Male,No,Medium
Mumbai,Afternoon,Thursday,Assault,Cloudy,Male,No,Medium
Bangalore,Evening,Sunday,Murder,Sunny,Male,Yes,High
Kolkata,Evening,Tuesday,Murder,Foggy,Female,No,High
Delhi,Night,Monday,Assault,Sunny,Male,Yes,Medium
Mumbai,Evening,Tuesday,Murder,Foggy,Male,No,High
Pune,Evening,Wednesday,Assault,Sunny,Female,Yes,Medium
Ahmedabad,Night,Thursday,Robbery,Rainy,Male,Yes,High
Pune,Morning,Tuesday,Murder,Sunny,Male,No,High
Chennai,Night,Monday,Robbery,Rainy,Male,No,High
Mumbai,Morning,Sunday,Theft,Rainy,Male,No,Low
Pune,Afternoon,Tuesday,Robbery,Cloudy,Female,No,High
Pune,Morning,Friday,Robbery,Rainy,Male,No,High
Jaipur,Morning,Sunday,Assault,Rainy,Female,Yes,Medium
Bangalore,Afternoon,Monday,Robbery,Sunny,Female,No,High
Jaipur,Morning,Wednesday,Murder,Foggy,Male,No,High
Mumbai,Night,Thursday,Assault,Cloudy,Male,Yes,Medium
Mumbai,Morning,Tuesday,Theft,Rainy,Male,No,Low
Kolkata,Afternoon,Monday,Murder,Cloudy,Male,No,High
Jaipur,Night,Sunday,Theft,Sunny,Female,Yes,Low
Hyderabad,Afternoon,Friday,Robbery,Rainy,Female,No,High
Bangalore,Afternoon,Monday,Murder,Sunny,Female,No,High
Mumbai,Evening,Saturday,Murder,Cloudy,Male,No,High
Kolkata,Evening,Friday,Theft,Sunny,Female,Yes,Low
Jaipur,Afternoon,Sunday,Murder,Cloudy,Male,No,High
Bangalore,Afternoon,Wednesday,Murder,Sunny,Male,Yes,High
Jaipur,Afternoon,Thursday,Murder,Cloudy,Male,No,High
Pune,Evening,Sunday,Robbery,Foggy,Male,Yes,High
Kolkata,Evening,Wednesday,Theft,Sunny,Male,No,Low
Bangalore,Morning,Tuesday,Murder,Sunny,Female,Yes,High
Lucknow,Morning,Monday,Assault,Foggy,Female,Yes,Medium
Chennai,Afternoon,Saturday,Assault,Foggy,Male,Yes,Medium
Chennai,Night,Friday,Assault,Sunny,Female,Yes,Medium
Bangalore,Night,Friday,Assault,Foggy,Male,Yes,Medium
Jaipur,Evening,Monday,Robbery,Rainy,Male,Yes,High
Kolkata,Evening,Saturday,Murder,Cloudy,Male,No,High
Chennai,Evening,Monday,Theft,Cloudy,Female,No,Low
Kolkata,Afternoon,Tuesday,Murder,Cloudy,Male,Yes,High
Chennai,Night,Wednesday,Robbery,Rainy,Male,Yes,High
Pune,Morning,Sunday,Assault,Foggy,Female,Yes,Medium
Jaipur,Afternoon,Friday,Robbery,Foggy,Female,Yes,High
Pune,Morning,Tuesday,Murder,Sunny,Female,No,High
Chennai,Morning,Wednesday,Theft,Foggy,Male,Yes,Low
Lucknow,Afternoon,Tuesday,Robbery,Sunny,Male,No,High
Lucknow,Morning,Saturday,Theft,Rainy,Female,No,Low
Pune,Night,Friday,Robbery,Cloudy,Male,Yes,High
Lucknow,Morning,Sunday,Theft,Cloudy,Female,Yes,Low
Chennai,Night,Monday,Theft,Cloudy,Female,No,Low
Bangalore,Night,Monday,Assault,Foggy,Male,No,Medium
Pune,Night,Wednesday,Theft,Sunny,Male,Yes,Low
Delhi,Evening,Sunday,Assault,Sunny,Female,Yes,Medium
Jaipur,Morning,Thursday,Murder,Rainy,Female,Yes,High
Lucknow,Afternoon,Saturday,Murder,Foggy,Female,No,High
Lucknow,Afternoon,Wednesday,Assault,Rainy,Female,No,Medium
Mumbai,Morning,Thursday,Assault,Sunny,Male,Yes,Medium
Hyderabad,Evening,Tuesday,Robbery,Sunny,Female,No,High
Pune,Evening,Saturday,Robbery,Cloudy,Female,No,High
Ahmedabad,Night,Tuesday,Robbery,Foggy,Female,Yes,High
Lucknow,Morning,Sunday,Murder,Sunny,Male,Yes,High
Jaipur,Morning,Friday,Robbery,Cloudy,Male,No,High
Delhi,Afternoon,Saturday,Theft,Foggy,Female,No,Low
Lucknow,Morning,Thursday,Theft,Rainy,Male,Yes,Low
Delhi,Evening,Friday,Robbery,Foggy,Male,Yes,High
Chennai,Morning,Monday,Theft,Foggy,Male,Yes,Low
Chennai,Afternoon,Thursday,Murder,Sunny,Female,Yes,High
Hyderabad,Night,Wednesday,Theft,Sunny,Female,Yes,Low
Bangalore,Afternoon,Monday,Murder,Foggy,Male,No,High
Ahmedabad,Afternoon,Monday,Assault,Sunny,Female,No,Medium
Mumbai,Night,Wednesday,Assault,Sunny,Female,No,Medium
Hyderabad,Afternoon,Saturday,Assault,Sunny,Male,No,Medium
Kolkata,Afternoon,Monday,Assault,Cloudy,Male,Yes,Medium
Mumbai,Morning,Sunday,Theft,Cloudy,Female,Yes,Low
Pune,Morning,Thursday,Robbery,Foggy,Male,Yes,High
Jaipur,Night,Friday,Theft,Sunny,Female,No,Low
Kolkata,Morning,Monday,Murder,Cloudy,Female,No,High
Kolkata,Morning,Thursday,Theft,Foggy,Male,No,Low
Hyderabad,Afternoon,Tuesday,Theft,Sunny,Female,Yes,Low
Bangalore,Evening,Thursday,Murder,Rainy,Female,No,High
Hyderabad,Morning,Friday,Assault,Sunny,Male,Yes,Medium
Pune,Evening,Thursday,Assault,Sunny,Male,Yes,Medium
Lucknow,Morning,Wednesday,Assault,Cloudy,Male,Yes,Medium
Lucknow,Morning,Friday,Robbery,Foggy,Female,Yes,High
Bangalore,Night,Saturday,Murder,Foggy,Male,Yes,High
Pune,Night,Tuesday,Murder,Cloudy,Male,Yes,High
Bangalore,Night,Wednesday,Theft,Sunny,Male,No,Low
Delhi,Evening,Saturday,Robbery,Rainy,Male,Yes,High
Lucknow,Afternoon,Thursday,Assault,Sunny,Female,Yes,Medium
Kolkata,Morning,Friday,Robbery,Sunny,Female,No,High
Ahmedabad,Morning,Tuesday,Murder,Rainy,Male,Yes,High
Jaipur,Morning,Wednesday,Murder,Cloudy,Female,No,High
Pune,Evening,Saturday,Theft,Foggy,Male,No,Low
Mumbai,Night,Saturday,Theft,Cloudy,Male,No,Low
Bangalore,Afternoon,Tuesday,Murder,Cloudy,Female,Yes,High
Jaipur,Evening,Sunday,Assault,Sunny,Female,Yes,Medium
Mumbai,Night,Thursday,Assault,Foggy,Male,No,Medium
Jaipur,Evening,Tuesday,Robbery,Foggy,Male,Yes,High
Ahmedabad,Afternoon,Saturday,Murder,Cloudy,Female,Yes,High
Mumbai,Night,Monday,Murder,Rainy,Male,No,High
Hyderabad,Evening,Wednesday,Assault,Cloudy,Female,No,Medium
Chennai,Afternoon,Tuesday,Assault,Rainy,Male,Yes,Medium
Hyderabad,Morning,Sunday,Murder,Foggy,Male,No,High
Lucknow,Afternoon,Saturday,Theft,Cloudy,Female,No,Low
Chennai,Morning,Thursday,Murder,Sunny,Female,No,High
Hyderabad,Evening,Saturday,Murder,Cloudy,Female,Yes,High
Chennai,Night,Thursday,Assault,Foggy,Female,Yes,Medium
Chennai,Night,Tuesday,Assault,Sunny,Female,Yes,Medium
Kolkata,Evening,Thursday,Theft,Sunny,Female,No,Low
Bangalore,Night,Friday,Theft,Rainy,Female,Yes,Low
Bangalore,Night,Friday,Robbery,Sunny,Male,No,High
Kolkata,Morning,Friday,Murder,Sunny,Male,Yes,High
Jaipur,Evening,Sunday,Assault,Cloudy,Male,Yes,Medium
Delhi,Afternoon,Sunday,Theft,Foggy,Female,No,Low
Jaipur,Morning,Monday,Robbery,Rainy,Female,Yes,High
Mumbai,Evening,Sunday,Robbery,Cloudy,Female,No,High
Mumbai,Morning,Tuesday,Assault,Sunny,Male,Yes,Medium
Chennai,Afternoon,Saturday,Assault,Sunny,Female,Yes,Medium
Hyderabad,Afternoon,Saturday,Robbery,Rainy,Female,No,High
Hyderabad,Evening,Monday,Theft,Foggy,Male,No,Low
Bangalore,Afternoon,Sunday,Robbery,Rainy,Female,No,High
Pune,Morning,Thursday,Murder,Cloudy,Male,Yes,High
Jaipur,Afternoon,Monday,Murder,Rainy,Male,Yes,High
Lucknow,Morning,Thursday,Assault,Sunny,Female,Yes,Medium
Ahmedabad,Morning,Thursday,Theft,Cloudy,Female,No,Low
Hyderabad,Afternoon,Wednesday,Theft,Sunny,Female,No,Low
Ahmedabad,Evening,Saturday,Murder,Foggy,Male,No,High
Chennai,Night,Friday,Robbery,Sunny,Male,Yes,High
Ahmedabad,Afternoon,Sunday,Assault,Sunny,Male,Yes,Medium
Lucknow,Morning,Thursday,Robbery,Rainy,Female,No,High
Kolkata,Morning,Wednesday,Robbery,Sunny,Female,Yes,High
Lucknow,Afternoon,Saturday,Robbery,Cloudy,Female,No,High
Ahmedabad,Evening,Friday,Theft,Cloudy,Female,Yes,Low
Lucknow,Evening,Thursday,Murder,Foggy,Male,Yes,High
Delhi,Morning,Thursday,Theft,Cloudy,Male,No,Low
Chennai,Morning,Monday,Murder,Rainy,Male,Yes,High
Jaipur,Evening,Monday,Assault,Foggy,Male,Yes,Medium
Kolkata,Night,Saturday,Assault,Cloudy,Female,No,Medium
Hyderabad,Afternoon,Friday,Robbery,Rainy,Female,No,High
Mumbai,Morning,Thursday,Murder,Cloudy,Female,Yes,High
Jaipur,Morning,Saturday,Murder,Cloudy,Male,No,High
Mumbai,Evening,Saturday,Murder,Sunny,Male,Yes,High
Chennai,Afternoon,Tuesday,Robbery,Cloudy,Female,No,High
Kolkata,Evening,Sunday,Robbery,Cloudy,Female,Yes,High
Bangalore,Afternoon,Monday,Assault,Rainy,Male,Yes,Medium
Hyderabad,Afternoon,Friday,Theft,Rainy,Female,No,Low
Delhi,Afternoon,Thursday,Murder,Sunny,Male,Yes,High
Bangalore,Morning,Saturday,Murder,Cloudy,Male,Yes,High
Chennai,Night,Thursday,Theft,Sunny,Male,No,Low
Jaipur,Evening,Tuesday,Murder,Cloudy,Female,No,High
Delhi,Night,Friday,Robbery,Foggy,Female,Yes,High
Lucknow,Evening,Saturday,Robbery,Foggy,Male,No,High
Ahmedabad,Afternoon,Thursday,Murder,Sunny,Female,No,High
Delhi,Morning,Monday,Robbery,Sunny,Male,Yes,High
Chennai,Night,Sunday,Robbery,Sunny,Male,Yes,High
Pune,Morning,Tuesday,Murder,Rainy,Male,No,High
Ahmedabad,Evening,Friday,Assault,Rainy,Male,No,Medium
Mumbai,Morning,Tuesday,Theft,Rainy,Female,No,Low
Hyderabad,Morning,Monday,Robbery,Sunny,Male,Yes,High
Mumbai,Night,Friday,Assault,Cloudy,Male,Yes,Medium
Delhi,Afternoon,Tuesday,Robbery,Foggy,Female,Yes,High
Mumbai,Morning,Wednesday,Robbery,Sunny,Male,Yes,High
Chennai,Afternoon,Monday,Theft,Rainy,Male,Yes,Low
Lucknow,Evening,Monday,Robbery,Rainy,Female,Yes,High
Jaipur,Morning,Monday,Theft,Sunny,Female,Yes,Low
Hyderabad,Night,Wednesday,Theft,Sunny,Female,No,Low
Mumbai,Evening,Wednesday,Theft,Rainy,Male,No,Low
Mumbai,Evening,Thursday,Assault,Cloudy,Female,Yes,Medium
Delhi,Night,Saturday,Murder,Rainy,Female,Yes,High
Jaipur,Morning,Sunday,Assault,Rainy,Male,Yes,Medium
Bangalore,Morning,Tuesday,Murder,Sunny,Male,No,High
Mumbai,Evening,Thursday,Murder,Cloudy,Male,Yes,High
Chennai,Morning,Tuesday,Theft,Rainy,Male,No,Low
Pune,Afternoon,Sunday,Robbery,Rainy,Male,No,High
Hyderabad,Night,Saturday,Theft,Foggy,Female,No,Low
Mumbai,Afternoon,Wednesday,Robbery,Sunny,Female,No,High
Chennai,Morning,Saturday,Murder,Foggy,Female,No,High
Chennai,Evening,Wednesday,Theft,Foggy,Male,Yes,Low
Hyderabad,Night,Sunday,Robbery,Rainy,Male,Yes,High
Bangalore,Morning,Saturday,Assault,Sunny,Male,No,Medium
Chennai,Morning,Thursday,Robbery,Cloudy,Female,Yes,High
Pune,Evening,Friday,Theft,Rainy,Female,No,Low
Chennai,Evening,Thursday,Assault,Cloudy,Male,No,Medium
Chennai,Afternoon,Tuesday,Robbery,Cloudy,Female,Yes,High
Chennai,Night,Thursday,Robbery,Sunny,Male,Yes,High
Lucknow,Night,Sunday,Robbery,Foggy,Female,Yes,High
Lucknow,Evening,Monday,Robbery,Sunny,Female,Yes,High
Bangalore,Afternoon,Tuesday,Robbery,Cloudy,Female,Yes,High
Mumbai,Night,Saturday,Assault,Rainy,Male,No,Medium
Chennai,Evening,Tuesday,Murder,Cloudy,Female,Yes,High
Jaipur,Morning,Friday,Assault,Rainy,Female,Yes,Medium
Mumbai,Night,Wednesday,Assault,Rainy,Male,Yes,Medium
Bangalore,Afternoon,Saturday,Assault,Sunny,Female,No,Medium
Kolkata,Afternoon,Tuesday,Murder,Cloudy,Male,Yes,High
Mumbai,Afternoon,Saturday,Theft,Foggy,Male,No,Low
Mumbai,Morning,Saturday,Murder,Cloudy,Male,Yes,High
Ahmedabad,Night,Saturday,Assault,Cloudy,Male,Yes,Medium
Delhi,Night,Wednesday,Robbery,Foggy,Male,No,High
Ahmedabad,Morning,Sunday,Robbery,Sunny,Female,Yes,High
Pune,Night,Thursday,Assault,Cloudy,Male,Yes,Medium
Lucknow,Morning,Saturday,Robbery,Cloudy,Male,No,High
Lucknow,Morning,Monday,Assault,Rainy,Male,Yes,Medium
Delhi,Morning,Sunday,Robbery,Cloudy,Male,No,High
Hyderabad,Afternoon,Friday,Murder,Foggy,Female,No,High
Hyderabad,Night,Wednesday,Theft,Rainy,Male,No,Low
Bangalore,Morning,Tuesday,Theft,Sunny,Female,No,Low
Delhi,Night,Wednesday,Murder,Rainy,Male,No,High
Mumbai,Afternoon,Tuesday,Murder,Foggy,Female,Yes,High
Hyderabad,Morning,Wednesday,Assault,Foggy,Male,Yes,Medium
Chennai,Evening,Tuesday,Assault,Rainy,Male,Yes,Medium
Jaipur,Afternoon,Saturday,Assault,Sunny,Female,No,Medium
Mumbai,Evening,Thursday,Robbery,Rainy,Male,No,High
Pune,Night,Tuesday,Assault,Sunny,Female,No,Medium
Chennai,Night,Tuesday,Murder,Rainy,Male,No,High
Chennai,Afternoon,Monday,Theft,Foggy,Female,Yes,Low
Delhi,Night,Tuesday,Robbery,Cloudy,Male,Yes,High
Bangalore,Evening,Monday,Assault,Cloudy,Male,No,Medium
Pune,Morning,Friday,Robbery,Sunny,Female,No,High
Hyderabad,Morning,Saturday,Robbery,Sunny,Male,Yes,High
Delhi,Morning,Monday,Assault,Sunny,Male,No,Medium
Hyderabad,Afternoon,Thursday,Robbery,Foggy,Male,No,High
Delhi,Night,Sunday,Theft,Rainy,Male,No,Low
Delhi,Evening,Saturday,Murder,Foggy,Male,Yes,High
Delhi,Night,Monday,Murder,Cloudy,Male,Yes,High
Bangalore,Night,Saturday,Theft,Sunny,Female,No,Low
Delhi,Night,Saturday,Robbery,Rainy,Female,Yes,High
Kolkata,Morning,Saturday,Assault,Cloudy,Female,No,Medium
Jaipur,Evening,Friday,Robbery,Cloudy,Male,No,High
Hyderabad,Evening,Thursday,Theft,Cloudy,Female,Yes,Low
Mumbai,Night,Wednesday,Robbery,Foggy,Male,No,High
Ahmedabad,Morning,Wednesday,Murder,Sunny,Male,No,High
Pune,Morning,Monday,Robbery,Cloudy,Male,Yes,High
Lucknow,Evening,Saturday,Theft,Sunny,Male,No,Low
Bangalore,Morning,Monday,Murder,Foggy,Female,No,High
Mumbai,Morning,Friday,Robbery,Cloudy,Male,No,High
Chennai,Morning,Friday,Robbery,Foggy,Female,Yes,High
Kolkata,Afternoon,Tuesday,Murder,Foggy,Male,No,High
Lucknow,Night,Friday,Assault,Sunny,Female,Yes,Medium
Ahmedabad,Evening,Tuesday,Murder,Cloudy,Female,No,High
Mumbai,Evening,Thursday,Assault,Foggy,Female,No,Medium
Lucknow,Afternoon,Monday,Theft,Cloudy,Female,No,Low
Mumbai,Night,Sunday,Theft,Sunny,Female,No,Low
Kolkata,Evening,Thursday,Murder,Foggy,Female,Yes,High
Ahmedabad,Morning,Friday,Murder,Sunny,Male,Yes,High
Chennai,Evening,Thursday,Theft,Cloudy,Female,No,Low
Delhi,Morning,Thursday,Assault,Cloudy,Male,No,Medium
Hyderabad,Afternoon,Thursday,Theft,Sunny,Female,No,Low
Chennai,Morning,Friday,Murder,Rainy,Male,No,High
Delhi,Evening,Sunday,Theft,Foggy,Female,No,Low
Bangalore,Evening,Saturday,Murder,Cloudy,Female,No,High
Jaipur,Evening,Thursday,Murder,Cloudy,Male,No,High
Pune,Afternoon,Tuesday,Theft,Foggy,Female,No,Low
Pune,Afternoon,Friday,Assault,Sunny,Female,Yes,Medium
Hyderabad,Night,Thursday,Robbery,Sunny,Female,Yes,High
Ahmedabad,Evening,Sunday,Theft,Sunny,Male,Yes,Low
Kolkata,Morning,Saturday,Robbery,Rainy,Female,No,High
Ahmedabad,Afternoon,Friday,Theft,Rainy,Male,No,Low
Kolkata,Evening,Wednesday,Robbery,Cloudy,Female,No,High
Ahmedabad,Evening,Saturday,Assault,Sunny,Female,Yes,Medium
Jaipur,Afternoon,Tuesday,Assault,Foggy,Male,No,Medium
Bangalore,Night,Thursday,Theft,Cloudy,Female,Yes,Low
Bangalore,Afternoon,Sunday,Murder,Foggy,Female,No,High
Delhi,Afternoon,Wednesday,Robbery,Cloudy,Male,Yes,High
Lucknow,Morning,Sunday,Murder,Rainy,Female,Yes,High
Bangalore,Morning,Wednesday,Murder,Cloudy,Male,Yes,High
Bangalore,Night,Friday,Murder,Rainy,Male,No,High
Chennai,Evening,Wednesday,Assault,Cloudy,Male,Yes,Medium
Chennai,Afternoon,Tuesday,Theft,Sunny,Female,No,Low
Delhi,Night,Tuesday,Theft,Foggy,Male,No,Low
Lucknow,Morning,Monday,Assault,Sunny,Male,No,Medium
Hyderabad,Afternoon,Tuesday,Assault,Cloudy,Female,No,Medium
Chennai,Evening,Saturday,Theft,Cloudy,Male,No,Low
Hyderabad,Morning,Wednesday,Murder,Cloudy,Female,Yes,High
Mumbai,Morning,Tuesday,Robbery,Rainy,Female,No,High
Chennai,Morning,Friday,Robbery,Foggy,Female,No,High
Jaipur,Night,Sunday,Robbery,Foggy,Female,No,High
Lucknow,Evening,Sunday,Murder,Cloudy,Male,No,High
Delhi,Afternoon,Monday,Theft,Cloudy,Male,No,Low
Mumbai,Night,Sunday,Assault,Rainy,Male,Yes,Medium
Lucknow,Night,Wednesday,Theft,Sunny,Male,Yes,Low
Jaipur,Night,Monday,Murder,Sunny,Male,No,High
Lucknow,Morning,Wednesday,Assault,Foggy,Female,Yes,Medium
Jaipur,Evening,Friday,Murder,Rainy,Male,Yes,High
Jaipur,Night,Monday,Robbery,Cloudy,Male,No,High
Hyderabad,Afternoon,Thursday,Robbery,Foggy,Male,Yes,High
Ahmedabad,Evening,Saturday,Murder,Rainy,Female,No,High
Mumbai,Afternoon,Saturday,Assault,Sunny,Female,Yes,Medium
Lucknow,Evening,Wednesday,Assault,Rainy,Male,Yes,Medium
Kolkata,Afternoon,Sunday,Theft,Sunny,Female,Yes,Low
Mumbai,Morning,Thursday,Robbery,Rainy,Male,No,High
Ahmedabad,Night,Monday,Theft,Foggy,Male,Yes,Low
Mumbai,Afternoon,Thursday,Theft,Sunny,Female,Yes,Low
Bangalore,Evening,Thursday,Murder,Foggy,Female,No,High
Kolkata,Night,Sunday,Murder,Foggy,Male,No,High
Ahmedabad,Night,Monday,Theft,Sunny,Male,Yes,Low
Hyderabad,Evening,Friday,Robbery,Sunny,Female,No,High
Lucknow,Afternoon,Sunday,Murder,Cloudy,Male,Yes,High
Pune,Morning,Thursday,Theft,Cloudy,Female,Yes,Low
Ahmedabad,Morning,Thursday,Theft,Cloudy,Male,No,Low
Delhi,Afternoon,Friday,Theft,Foggy,Female,No,Low
Lucknow,Night,Thursday,Theft,Foggy,Male,No,Low
Ahmedabad,Night,Thursday,Theft,Cloudy,Male,Yes,Low
Bangalore,Night,Thursday,Theft,Foggy,Female,No,Low
Pune,Night,Saturday,Murder,Foggy,Male,Yes,High
Bangalore,Afternoon,Sunday,Robbery,Sunny,Male,No,High
Pune,Night,Tuesday,Theft,Sunny,Female,Yes,Low
Delhi,Evening,Sunday,Assault,Foggy,Male,No,Medium
Lucknow,Night,Friday,Murder,Cloudy,Male,Yes,High
Hyderabad,Morning,Thursday,Murder,Rainy,Male,No,High
Bangalore,Night,Sunday,Theft,Cloudy,Female,Yes,Low
Bangalore,Afternoon,Saturday,Murder,Rainy,Female,No,High
Jaipur,Morning,Friday,Theft,Cloudy,Female,No,Low
Pune,Afternoon,Wednesday,Robbery,Sunny,Male,Yes,High
Chennai,Afternoon,Sunday,Robbery,Foggy,Male,No,High
Lucknow,Morning,Wednesday,Murder,Foggy,Male,Yes,High
Pune,Afternoon,Thursday,Murder,Sunny,Male,Yes,High
Jaipur,Afternoon,Saturday,Assault,Rainy,Female,No,Medium
Mumbai,Night,Saturday,Murder,Rainy,Male,Yes,High
Pune,Evening,Sunday,Assault,Rainy,Male,No,Medium
Hyderabad,Afternoon,Friday,Robbery,Sunny,Male,No,High
Lucknow,Afternoon,Friday,Robbery,Rainy,Female,Yes,High
Jaipur,Afternoon,Saturday,Theft,Sunny,Male,No,Low
Mumbai,Night,Friday,Robbery,Cloudy,Male,Yes,High
Kolkata,Evening,Saturday,Assault,Cloudy,Male,Yes,Medium
Jaipur,Morning,Sunday,Murder,Sunny,Male,No,High
Kolkata,Night,Tuesday,Theft,Foggy,Male,No,Low
Lucknow,Night,Saturday,Assault,Cloudy,Female,Yes,Medium
Bangalore,Evening,Wednesday,Murder,Rainy,Male,Yes,High
Jaipur,Evening,Friday,Theft,Sunny,Male,No,Low
Delhi,Night,Saturday,Robbery,Rainy,Male,No,High
Kolkata,Morning,Saturday,Assault,Rainy,Male,No,Medium
Hyderabad,Night,Sunday,Murder,Foggy,Male,No,High
Delhi,Evening,Friday,Theft,Rainy,Male,Yes,Low
Ahmedabad,Morning,Tuesday,Theft,Foggy,Male,No,Low
Ahmedabad,Evening,Sunday,Robbery,Cloudy,Male,Yes,High
Mumbai,Morning,Tuesday,Murder,Sunny,Male,Yes,High
Bangalore,Afternoon,Sunday,Robbery,Rainy,Male,No,High
Lucknow,Evening,Friday,Robbery,Sunny,Female,Yes,High
Jaipur,Evening,Monday,Murder,Rainy,Female,No,High
Chennai,Night,Friday,Murder,Sunny,Female,Yes,High
Hyderabad,Evening,Friday,Murder,Rainy,Female,No,High
Kolkata,Evening,Tuesday,Assault,Rainy,Male,Yes,Medium
Lucknow,Afternoon,Tuesday,Murder,Rainy,Female,Yes,High
Delhi,Evening,Friday,Theft,Rainy,Female,No,Low
Ahmedabad,Afternoon,Friday,Robbery,Rainy,Male,No,High
Hyderabad,Afternoon,Friday,Assault,Rainy,Female,Yes,Medium
Chennai,Afternoon,Tuesday,Murder,Rainy,Female,Yes,High
Jaipur,Afternoon,Friday,Assault,Rainy,Male,No,Medium
Mumbai,Morning,Friday,Murder,Rainy,Male,Yes,High
Chennai,Night,Thursday,Assault,Sunny,Male,No,Medium
Hyderabad,Morning,Monday,Robbery,Foggy,Female,Yes,High
Chennai,Evening,Wednesday,Robbery,Rainy,Female,No,High
Hyderabad,Morning,Monday,Theft,Foggy,Male,Yes,Low
Hyderabad,Morning,Thursday,Theft,Rainy,Male,No,Low
Pune,Evening,Wednesday,Murder,Rainy,Female,No,High
Kolkata,Evening,Sunday,Robbery,Sunny,Male,Yes,High
Ahmedabad,Evening,Friday,Assault,Cloudy,Female,No,Medium
Pune,Morning,Thursday,Assault,Cloudy,Male,Yes,Medium
Jaipur,Morning,Sunday,Assault,Sunny,Male,No,Medium
Pune,Evening,Friday,Theft,Foggy,Female,No,Low
Bangalore,Night,Tuesday,Assault,Cloudy,Male,No,Medium
Bangalore,Night,Saturday,Theft,Sunny,Male,Yes,Low
Ahmedabad,Afternoon,Thursday,Theft,Sunny,Male,No,Low
Chennai,Evening,Tuesday,Murder,Cloudy,Female,Yes,High
Kolkata,Afternoon,Thursday,Assault,Foggy,Male,No,Medium
Ahmedabad,Night,Thursday,Assault,Sunny,Male,Yes,Medium
Hyderabad,Afternoon,Tuesday,Robbery,Rainy,Male,Yes,High
Delhi,Evening,Wednesday,Murder,Foggy,Male,Yes,High
Kolkata,Evening,Monday,Robbery,Foggy,Male,No,High
Kolkata,Evening,Friday,Murder,Cloudy,Male,Yes,High
Hyderabad,Morning,Thursday,Assault,Cloudy,Female,No,Medium
Hyderabad,Afternoon,Friday,Theft,Rainy,Female,Yes,Low
Mumbai,Night,Saturday,Theft,Sunny,Male,Yes,Low
Ahmedabad,Night,Tuesday,Theft,Cloudy,Female,Yes,Low
Hyderabad,Night,Friday,Theft,Cloudy,Female,Yes,Low
Bangalore,Morning,Tuesday,Theft,Foggy,Male,No,Low
Jaipur,Morning,Friday,Robbery,Cloudy,Female,Yes,High
Delhi,Evening,Monday,Murder,Cloudy,Female,Yes,High
Ahmedabad,Night,Monday,Assault,Cloudy,Female,No,Medium
Lucknow,Morning,Monday,Robbery,Cloudy,Female,Yes,High
Bangalore,Evening,Monday,Murder,Foggy,Female,Yes,High
Chennai,Night,Monday,Theft,Rainy,Female,Yes,Low
Hyderabad,Afternoon,Monday,Murder,Rainy,Female,Yes,High
Lucknow,Evening,Tuesday,Murder,Sunny,Female,No,High
Hyderabad,Morning,Thursday,Theft,Cloudy,Male,No,Low
Kolkata,Morning,Friday,Theft,Foggy,Male,Yes,Low
Bangalore,Evening,Monday,Theft,Sunny,Female,No,Low
Kolkata,Evening,Tuesday,Assault,Sunny,Female,No,Medium
Mumbai,Morning,Tuesday,Theft,Rainy,Male,Yes,Low
Kolkata,Afternoon,Tuesday,Assault,Foggy,Female,No,Medium
Mumbai,Night,Thursday,Theft,Foggy,Female,Yes,Low
Mumbai,Afternoon,Friday,Assault,Foggy,Male,No,Medium
Lucknow,Evening,Thursday,Murder,Rainy,Male,No,High
Hyderabad,Afternoon,Wednesday,Robbery,Rainy,Male,No,High
Chennai,Morning,Sunday,Murder,Rainy,Female,Yes,High
Kolkata,Evening,Tuesday,Murder,Rainy,Female,No,High
Bangalore,Night,Wednesday,Theft,Rainy,Male,Yes,Low
Mumbai,Morning,Saturday,Assault,Cloudy,Male,Yes,Medium
Hyderabad,Morning,Monday,Robbery,Cloudy,Female,No,High
Delhi,Night,Sunday,Theft,Foggy,Male,Yes,Low
Ahmedabad,Night,Monday,Theft,Sunny,Female,No,Low
Lucknow,Afternoon,Thursday,Theft,Foggy,Female,Yes,Low
Chennai,Evening,Sunday,Murder,Sunny,Male,Yes,High
Pune,Night,Friday,Assault,Rainy,Male,No,Medium
Lucknow,Night,Wednesday,Assault,Sunny,Female,No,Medium
Delhi,Evening,Friday,Robbery,Foggy,Male,No,High
Ahmedabad,Night,Thursday,Assault,Foggy,Male,No,Medium
Delhi,Night,Monday,Assault,Sunny,Male,Yes,Medium
Kolkata,Afternoon,Sunday,Theft,Cloudy,Male,Yes,Low
Mumbai,Morning,Friday,Theft,Rainy,Female,Yes,Low
Chennai,Morning,Friday,Murder,Rainy,Female,No,High
Jaipur,Morning,Monday,Theft,Foggy,Female,Yes,Low
Mumbai,Morning,Sunday,Theft,Cloudy,Female,No,Low
Jaipur,Night,Wednesday,Theft,Sunny,Male,Yes,Low
Ahmedabad,Evening,Monday,Theft,Rainy,Male,No,Low
Hyderabad,Evening,Friday,Murder,Cloudy,Female,Yes,High
Pune,Afternoon,Wednesday,Theft,Rainy,Female,Yes,Low
Bangalore,Afternoon,Wednesday,Robbery,Cloudy,Male,No,High
Mumbai,Night,Monday,Robbery,Cloudy,Female,Yes,High
Chennai,Evening,Friday,Robbery,Foggy,Female,No,High
Delhi,Evening,Thursday,Robbery,Rainy,Male,Yes,High
Chennai,Morning,Friday,Theft,Sunny,Female,Yes,Low
Ahmedabad,Night,Tuesday,Robbery,Foggy,Male,No,High
Jaipur,Night,Sunday,Theft,Foggy,Male,No,Low
Delhi,Morning,Saturday,Murder,Sunny,Female,Yes,High
Bangalore,Night,Thursday,Robbery,Foggy,Male,Yes,High
Bangalore,Night,Wednesday,Assault,Cloudy,Female,Yes,Medium
Mumbai,Afternoon,Thursday,Robbery,Cloudy,Male,Yes,High
Ahmedabad,Evening,Sunday,Robbery,Rainy,Female,Yes,High
Hyderabad,Night,Wednesday,Theft,Rainy,Female,Yes,Low
Ahmedabad,Afternoon,Sunday,Robbery,Sunny,Female,No,High
Jaipur,Evening,Wednesday,Assault,Rainy,Male,No,Medium
Chennai,Morning,Thursday,Theft,Cloudy,Male,No,Low
Bangalore,Afternoon,Wednesday,Theft,Sunny,Female,Yes,Low
Chennai,Afternoon,Wednesday,Murder,Sunny,Male,Yes,High
Chennai,Evening,Tuesday,Murder,Rainy,Female,Yes,High
Chennai,Morning,Friday,Robbery,Cloudy,Female,No,High
Bangalore,Afternoon,Friday,Murder,Sunny,Male,No,High
Lucknow,Night,Saturday,Murder,Cloudy,Female,Yes,High
Kolkata,Night,Saturday,Murder,Cloudy,Male,Yes,High
Jaipur,Night,Tuesday,Theft,Cloudy,Female,No,Low
Lucknow,Morning,Saturday,Theft,Rainy,Male,No,Low
Jaipur,Afternoon,Sunday,Theft,Foggy,Female,No,Low
Delhi,Night,Thursday,Murder,Foggy,Female,Yes,High
Ahmedabad,Morning,Monday,Theft,Sunny,Male,Yes,Low
Ahmedabad,Night,Sunday,Murder,Cloudy,Female,Yes,High
Pune,Evening,Monday,Theft,Rainy,Female,No,Low
Ahmedabad,Afternoon,Monday,Theft,Cloudy,Male,No,Low
Bangalore,Afternoon,Tuesday,Assault,Cloudy,Female,Yes,Medium
Hyderabad,Morning,Sunday,Robbery,Rainy,Male,Yes,High
Mumbai,Morning,Tuesday,Murder,Foggy,Female,No,High
Pune,Afternoon,Wednesday,Assault,Cloudy,Male,Yes,Medium
Mumbai,Night,Monday,Theft,Cloudy,Female,No,Low
Jaipur,Night,Thursday,Murder,Foggy,Female,No,High
Mumbai,Evening,Saturday,Theft,Rainy,Female,Yes,Low
Mumbai,Night,Thursday,Robbery,Sunny,Male,No,High
Pune,Morning,Saturday,Assault,Foggy,Male,Yes,Medium
Delhi,Morning,Monday,Robbery,Sunny,Male,No,High
Chennai,Night,Monday,Assault,Sunny,Male,No,Medium
Ahmedabad,Morning,Monday,Theft,Foggy,Female,Yes,Low
Ahmedabad,Afternoon,Tuesday,Robbery,Cloudy,Female,No,High
Bangalore,Afternoon,Sunday,Robbery,Sunny,Male,Yes,High
Pune,Night,Saturday,Theft,Sunny,Male,Yes,Low
Bangalore,Afternoon,Sunday,Robbery,Rainy,Male,No,High
Hyderabad,Afternoon,Tuesday,Murder,Cloudy,Female,Yes,High
Hyderabad,Evening,Tuesday,Assault,Sunny,Male,Yes,Medium
Bangalore,Evening,Friday,Assault,Rainy,Male,Yes,Medium
Pune,Afternoon,Thursday,Assault,Cloudy,Female,Yes,Medium
Bangalore,Night,Thursday,Murder,Foggy,Female,Yes,High
Ahmedabad,Evening,Wednesday,Assault,Foggy,Male,Yes,Medium
Lucknow,Morning,Tuesday,Theft,Rainy,Female,No,Low
Kolkata,Morning,Saturday,Robbery,Foggy,Male,Yes,High
Mumbai,Morning,Friday,Murder,Sunny,Female,No,High
Kolkata,Night,Friday,Assault,Cloudy,Male,No,Medium
Pune,Afternoon,Sunday,Theft,Sunny,Male,Yes,Low
Kolkata,Morning,Thursday,Robbery,Sunny,Male,No,High
Hyderabad,Night,Tuesday,Robbery,Foggy,Male,No,High
Jaipur,Evening,Wednesday,Murder,Sunny,Female,Yes,High
Mumbai,Afternoon,Tuesday,Murder,Foggy,Female,Yes,High
Chennai,Evening,Sunday,Murder,Cloudy,Female,Yes,High
Pune,Night,Monday,Theft,Cloudy,Female,No,Low
Mumbai,Morning,Tuesday,Theft,Sunny,Male,No,Low
Kolkata,Morning,Sunday,Murder,Rainy,Male,Yes,High
Hyderabad,Night,Monday,Assault,Foggy,Female,Yes,Medium
Delhi,Morning,Monday,Robbery,Foggy,Female,No,High
Lucknow,Afternoon,Wednesday,Robbery,Sunny,Female,No,High
Chennai,Night,Saturday,Theft,Foggy,Female,No,Low
Lucknow,Evening,Thursday,Robbery,Foggy,Female,No,High
Mumbai,Night,Tuesday,Assault,Rainy,Male,Yes,Medium
Hyderabad,Afternoon,Monday,Robbery,Rainy,Male,No,High
Hyderabad,Afternoon,Tuesday,Theft,Sunny,Male,No,Low
Kolkata,Night,Saturday,Theft,Rainy,Female,No,Low
Ahmedabad,Night,Thursday,Assault,Sunny,Female,No,Medium
Kolkata,Morning,Saturday,Assault,Cloudy,Female,Yes,Medium
Ahmedabad,Afternoon,Thursday,Robbery,Sunny,Female,Yes,High
Ahmedabad,Night,Friday,Robbery,Cloudy,Male,No,High
Chennai,Night,Thursday,Theft,Sunny,Male,No,Low
Kolkata,Afternoon,Wednesday,Assault,Foggy,Female,Yes,Medium
Delhi,Night,Saturday,Assault,Rainy,Male,Yes,Medium
Bangalore,Morning,Monday,Assault,Cloudy,Male,No,Medium
Bangalore,Afternoon,Friday,Robbery,Sunny,Female,No,High
Kolkata,Morning,Wednesday,Assault,Rainy,Female,Yes,Medium
Kolkata,Morning,Tuesday,Theft,Sunny,Female,Yes,Low
Lucknow,Morning,Saturday,Theft,Rainy,Female,Yes,Low
Chennai,Morning,Sunday,Robbery,Rainy,Female,Yes,High
Kolkata,Afternoon,Sunday,Murder,Sunny,Female,Yes,High
Lucknow,Morning,Monday,Robbery,Cloudy,Male,Yes,High
Ahmedabad,Morning,Thursday,Murder,Cloudy,Male,No,High
Hyderabad,Night,Monday,Assault,Foggy,Female,Yes,Medium
Hyderabad,Afternoon,Sunday,Robbery,Rainy,Male,Yes,High
Ahmedabad,Afternoon,Tuesday,Theft,Foggy,Female,Yes,Low
Pune,Evening,Friday,Assault,Foggy,Female,Yes,Medium
Lucknow,Afternoon,Friday,Theft,Sunny,Female,No,Low
Lucknow,Afternoon,Saturday,Assault,Sunny,Female,No,Medium
Ahmedabad,Evening,Friday,Robbery,Sunny,Male,Yes,High
Delhi,Afternoon,Saturday,Murder,Rainy,Female,No,High
Jaipur,Afternoon,Saturday,Assault,Sunny,Male,No,Medium
